商品名,原价,活动价,页面网址,月销量,图片地址,评论时间,评论人,评价内容,追评,追评时间,属性1,属性2,属性3
桌旗中式新中式茶台布艺长条简约现代茶席防水茶桌布茶旗垫布定制,100,,https://detail.tmall.com/item.htm?ali_refid=a3_420434_1006:1125390690:N:NWuY/CBgyPQIWOh6FORhmFcY/nhQjzBG:a3d3876aa70841edb1f5db96009bd2db&ali_trackid=1_a3d3876aa70841edb1f5db96009bd2db&id=663758739325&spm=a230r.1.1957635.32,,"http://img.alicdn.com/tps/TB1l6dkOXXXXXXEXVXXXXXXXXXX-210-210.png_70x70.jpg
//gw.alicdn.com/imgextra/i3/O1CN01qLEVuk24cI5ySo6jV_!!0-tbbala.jpg_110x10000q90.jpg_.webp
//gw.alicdn.com/imgextra/i1/O1CN01sCyZhA24cI65NSI5G_!!0-tbbala.jpg_110x10000q90.jpg_.webp
//gw.alicdn.com/imgextra/i1/O1CN01rcAtkH24cI623eyyI_!!0-tbbala.jpg_110x10000q90.jpg_.webp",7天前,t**7,整体评价：非常漂亮的一款茶巾，质量很好！防水又防滑，给生活增添了几份欢喜！物流、包装、客服都很棒，值得拥有！ ,,, 芳华 棉麻 烟灰 35*178cm（适合桌长1.3-1.4米）,,
桌旗中式新中式茶台布艺长条简约现代茶席防水茶桌布茶旗垫布定制,100,,https://detail.tmall.com/item.htm?ali_refid=a3_420434_1006:1125390690:N:NWuY/CBgyPQIWOh6FORhmFcY/nhQjzBG:a3d3876aa70841edb1f5db96009bd2db&ali_trackid=1_a3d3876aa70841edb1f5db96009bd2db&id=663758739325&spm=a230r.1.1957635.32,,"http://img.alicdn.com/tps/TB1l6dkOXXXXXXEXVXXXXXXXXXX-210-210.png_70x70.jpg
//gw.alicdn.com/imgextra/i4/O1CN01WO5v8M1I4lY24K5bf_!!0-rate.jpg_110x10000q90.jpg_.webp",7天前,李**秋,整体评价：1宝贝不错，经过朋友的推荐收到面料确实很好！ 触摸手感：手感好 颜色图案：颜色图案都满意 ,,, 陶然居棉麻 米黄 35*270cm（适合桌长2.2-2.3米）,,
桌旗中式新中式茶台布艺长条简约现代茶席防水茶桌布茶旗垫布定制,100,,https://detail.tmall.com/item.htm?ali_refid=a3_420434_1006:1125390690:N:NWuY/CBgyPQIWOh6FORhmFcY/nhQjzBG:a3d3876aa70841edb1f5db96009bd2db&ali_trackid=1_a3d3876aa70841edb1f5db96009bd2db&id=663758739325&spm=a230r.1.1957635.32,,"http://img.alicdn.com/tps/TB1l6dkOXXXXXXEXVXXXXXXXXXX-210-210.png_70x70.jpg
//gw.alicdn.com/imgextra/i2/O1CN01lhGFk12LsdhVJcP6r_!!0-rate.jpg_110x10000q90.jpg_.webp
//gw.alicdn.com/imgextra/i2/O1CN01KAYsza2LsdhX5Y1kM_!!0-rate.jpg_110x10000q90.jpg_.webp",11天前,t**7,桌旗颜色图案都满意，铺上以后茶桌好看很多，多了一点古色古香的韵味。,,, 鸿运连连棉麻 深蓝 35*210cm（适合桌长1.6-1.7米）,,
桌旗中式新中式茶台布艺长条简约现代茶席防水茶桌布茶旗垫布定制,100,,https://detail.tmall.com/item.htm?ali_refid=a3_420434_1006:1125390690:N:NWuY/CBgyPQIWOh6FORhmFcY/nhQjzBG:a3d3876aa70841edb1f5db96009bd2db&ali_trackid=1_a3d3876aa70841edb1f5db96009bd2db&id=663758739325&spm=a230r.1.1957635.32,,"http://img.alicdn.com/tps/TB1l6dkOXXXXXXEXVXXXXXXXXXX-210-210.png_70x70.jpg
//gw.alicdn.com/imgextra/i4/O1CN01CYtPWu1MUBqQAUK9D_!!6000000001437-2-tps-2-2.png
//gw.alicdn.com/imgextra/i4/O1CN01CYtPWu1MUBqQAUK9D_!!6000000001437-2-tps-2-2.png
//gw.alicdn.com/imgextra/i4/O1CN01CYtPWu1MUBqQAUK9D_!!6000000001437-2-tps-2-2.png
//gw.alicdn.com/imgextra/i4/O1CN01CYtPWu1MUBqQAUK9D_!!6000000001437-2-tps-2-2.png
//gw.alicdn.com/imgextra/i4/O1CN01CYtPWu1MUBqQAUK9D_!!6000000001437-2-tps-2-2.png",21天前,d**3,质量特别好，无异味，尺寸合适，很好看,,, 鸿运连连棉麻 深蓝 35*210cm（适合桌长1.6-1.7米）,,
桌旗中式新中式茶台布艺长条简约现代茶席防水茶桌布茶旗垫布定制,100,,https://detail.tmall.com/item.htm?ali_refid=a3_420434_1006:1125390690:N:NWuY/CBgyPQIWOh6FORhmFcY/nhQjzBG:a3d3876aa70841edb1f5db96009bd2db&ali_trackid=1_a3d3876aa70841edb1f5db96009bd2db&id=663758739325&spm=a230r.1.1957635.32,,"http://sns.m.taobao.com/avatar/sns/user/flag/sns_logo?type=taobao&amp;kn=wwc_tb_11&amp;bizCode=taobao_avatar&amp;userFlag=RAzN83923zmuym9wxa5ggZvSo1zLdsaE8RXtDmMMAU3EzDaeDbyjrJg4fyrhuT21Jqjf2ezd5PHcZ4BUcJxLPySC7Txwdo5GRLSncQd8ccbYWZxdohm448CiQwkL
//gw.alicdn.com/imgextra/i2/O1CN01kpaDgW2Ff0D74jHwA_!!0-tbbala.jpg_110x10000q90.jpg_.webp",16天前,请**n,颜色饱和度再高些就好了，不过加完滤镜还是很不错的，比较推荐！下次回购餐垫和杯垫！,,, 鸿运连连棉麻 深蓝 35*240cm（适合桌长1.9-2.0米）,,
桌旗中式新中式茶台布艺长条简约现代茶席防水茶桌布茶旗垫布定制,100,,https://detail.tmall.com/item.htm?ali_refid=a3_420434_1006:1125390690:N:NWuY/CBgyPQIWOh6FORhmFcY/nhQjzBG:a3d3876aa70841edb1f5db96009bd2db&ali_trackid=1_a3d3876aa70841edb1f5db96009bd2db&id=663758739325&spm=a230r.1.1957635.32,,"http://img.alicdn.com/tps/TB1l6dkOXXXXXXEXVXXXXXXXXXX-210-210.png_70x70.jpg
//gw.alicdn.com/imgextra/i4/O1CN01iH7fVG1oY8dv2CfQ4_!!0-tbbala.jpg_110x10000q90.jpg_.webp",1个月前,f**2,这个卖家的东西设计很到位。好用过几天再买,,, 鸿运连连棉麻 褐色 35*210cm（适合桌长1.6-1.7米）,,
桌旗中式新中式茶台布艺长条简约现代茶席防水茶桌布茶旗垫布定制,100,,https://detail.tmall.com/item.htm?ali_refid=a3_420434_1006:1125390690:N:NWuY/CBgyPQIWOh6FORhmFcY/nhQjzBG:a3d3876aa70841edb1f5db96009bd2db&ali_trackid=1_a3d3876aa70841edb1f5db96009bd2db&id=663758739325&spm=a230r.1.1957635.32,,"http://img.alicdn.com/tps/TB1l6dkOXXXXXXEXVXXXXXXXXXX-210-210.png_70x70.jpg
//gw.alicdn.com/imgextra/i4/O1CN01CYtPWu1MUBqQAUK9D_!!6000000001437-2-tps-2-2.png",6天前,t**6,质量不错，稍作改动作柜帘遮丑，懒人懒办法，效果还很好，只是成本高了点。,,, 鸿运连连棉麻 烟灰 35*300cm（适合桌长2.4-2.6米）,,
桌旗中式新中式茶台布艺长条简约现代茶席防水茶桌布茶旗垫布定制,100,,https://detail.tmall.com/item.htm?ali_refid=a3_420434_1006:1125390690:N:NWuY/CBgyPQIWOh6FORhmFcY/nhQjzBG:a3d3876aa70841edb1f5db96009bd2db&ali_trackid=1_a3d3876aa70841edb1f5db96009bd2db&id=663758739325&spm=a230r.1.1957635.32,,"http://sns.m.taobao.com/avatar/sns/user/flag/sns_logo?type=taobao&amp;kn=wwc_tb_11&amp;bizCode=taobao_avatar&amp;userFlag=RAzN83923zmuym9wxa5ggZvSo1zLdsaE8RXtFWvwfieysVcXrSeCKp8RW68MoGdht1kkPawibg8VBu1dUwLhdjHDAkEvtPQNwzaUA4gzzWGz1bBDr4SXhMe9RmMQ
//gw.alicdn.com/imgextra/i4/O1CN01CYtPWu1MUBqQAUK9D_!!6000000001437-2-tps-2-2.png
//gw.alicdn.com/imgextra/i4/O1CN01CYtPWu1MUBqQAUK9D_!!6000000001437-2-tps-2-2.png
//gw.alicdn.com/imgextra/i4/O1CN01CYtPWu1MUBqQAUK9D_!!6000000001437-2-tps-2-2.png",9天前,s**6,布置好了茶桌，非常满意！,,, 鸿运连连棉麻 深蓝 35*178cm（适合桌长1.3-1.4米）,,
桌旗中式新中式茶台布艺长条简约现代茶席防水茶桌布茶旗垫布定制,100,,https://detail.tmall.com/item.htm?ali_refid=a3_420434_1006:1125390690:N:NWuY/CBgyPQIWOh6FORhmFcY/nhQjzBG:a3d3876aa70841edb1f5db96009bd2db&ali_trackid=1_a3d3876aa70841edb1f5db96009bd2db&id=663758739325&spm=a230r.1.1957635.32,,"http://sns.m.taobao.com/avatar/sns/user/flag/sns_logo?type=taobao&amp;kn=wwc_tb_11&amp;bizCode=taobao_avatar&amp;userFlag=RAzN83923zmuym9wxa5ggZvSo1zLdsaE8RXtDvg4GSmX5NKueFVN2Fvp9GdxRSbfuo6M8hFnZbtLzopb7aezbUN8LmXg7ykENyyCu9dCkx22iqufruoCiAYBSGnw
//gw.alicdn.com/imgextra/i1/O1CN01O5pzL91HfZlUbgYcR_!!0-tbbala.jpg_110x10000q90.jpg_.webp",10天前,新**2,宝贝很好，质感一级，物流也快，我会持续关注其他宝贝,,, 平安 棉麻 深蓝（蓝边） 35*240cm（适合桌长1.9-2.0米）,,
桌旗中式新中式茶台布艺长条简约现代茶席防水茶桌布茶旗垫布定制,100,,https://detail.tmall.com/item.htm?ali_refid=a3_420434_1006:1125390690:N:NWuY/CBgyPQIWOh6FORhmFcY/nhQjzBG:a3d3876aa70841edb1f5db96009bd2db&ali_trackid=1_a3d3876aa70841edb1f5db96009bd2db&id=663758739325&spm=a230r.1.1957635.32,,"http://sns.m.taobao.com/avatar/sns/user/flag/sns_logo?type=taobao&amp;kn=wwc_tb_11&amp;bizCode=taobao_avatar&amp;userFlag=RAzN84GK7wS8eNQKW8dVkuMiWATcDLd5hkSefdf9SLn4QqSNq8oERe5EUCeEQHB3KVFs3S8FvtaGGwyurPgtVhnZNGckyYkiZWEbMzXQNnGkC1ffpT9fwsAGa2BCRrzanHjo81M984K7jycmp4hb7tAXthY27Ry1jHguouB
//gw.alicdn.com/imgextra/i4/O1CN01CYtPWu1MUBqQAUK9D_!!6000000001437-2-tps-2-2.png
//gw.alicdn.com/imgextra/i4/O1CN01CYtPWu1MUBqQAUK9D_!!6000000001437-2-tps-2-2.png
//gw.alicdn.com/imgextra/i4/O1CN01CYtPWu1MUBqQAUK9D_!!6000000001437-2-tps-2-2.png",2个月前,t**0,此用户没有填写评价。,26天后追评是我想要的样子，做工，用料，包括服务，都让人满意，是回不错的购物体验…… 相信还会再来………,, 鸿运连连棉麻 深蓝 35*240cm（适合桌长1.9-2.0米）,,
桌旗中式新中式茶台布艺长条简约现代茶席防水茶桌布茶旗垫布定制,100,,https://detail.tmall.com/item.htm?ali_refid=a3_420434_1006:1125390690:N:NWuY/CBgyPQIWOh6FORhmFcY/nhQjzBG:a3d3876aa70841edb1f5db96009bd2db&ali_trackid=1_a3d3876aa70841edb1f5db96009bd2db&id=663758739325&spm=a230r.1.1957635.32,,"http://sns.m.taobao.com/avatar/sns/user/flag/sns_logo?type=taobao&amp;kn=wwc_tb_11&amp;bizCode=taobao_avatar&amp;userFlag=RAzN83923zmuym9wxa5ggZvSo1zLdsaE8RXtESWVyDpXpiYuExu1cqgpLRBt25x2Kt5bf6uUyvVzuomPVsBEVn8NGEdhUwNCjLRxQ8hASUVLsbXXRjjkeBhq8Eti
//gw.alicdn.com/imgextra/i4/O1CN01CYtPWu1MUBqQAUK9D_!!6000000001437-2-tps-2-2.png
//gw.alicdn.com/imgextra/i4/O1CN01CYtPWu1MUBqQAUK9D_!!6000000001437-2-tps-2-2.png",1个月前,无**8,手感很好很不错,,, 君子如兰棉麻 深蓝 35*178cm（适合桌长1.3-1.4米）,,
桌旗中式新中式茶台布艺长条简约现代茶席防水茶桌布茶旗垫布定制,100,,https://detail.tmall.com/item.htm?ali_refid=a3_420434_1006:1125390690:N:NWuY/CBgyPQIWOh6FORhmFcY/nhQjzBG:a3d3876aa70841edb1f5db96009bd2db&ali_trackid=1_a3d3876aa70841edb1f5db96009bd2db&id=663758739325&spm=a230r.1.1957635.32,,"http://sns.m.taobao.com/avatar/sns/user/flag/sns_logo?type=taobao&amp;kn=wwc_tb_11&amp;bizCode=taobao_avatar&amp;userFlag=RAzN83923zmuym9wxa5ggZvSo1zLdsaE8RXtG9Mp2xhwvqcfTsxdZzHCmF31eQDNHcNNtn3j9GpYaD5HHZpf89h4KG8RNDfp1rsdxvsZRKrtLGuH4xv5MTM3JSjt
//gw.alicdn.com/imgextra/i4/O1CN01CYtPWu1MUBqQAUK9D_!!6000000001437-2-tps-2-2.png",1个月前,q**6,物流速度很快，面聊很不错，颜色也很正，整体感觉高大上，推荐一下。,,, 鸿运连连棉麻 深蓝 35*240cm（适合桌长1.9-2.0米）,,
桌旗中式新中式茶台布艺长条简约现代茶席防水茶桌布茶旗垫布定制,100,,https://detail.tmall.com/item.htm?ali_refid=a3_420434_1006:1125390690:N:NWuY/CBgyPQIWOh6FORhmFcY/nhQjzBG:a3d3876aa70841edb1f5db96009bd2db&ali_trackid=1_a3d3876aa70841edb1f5db96009bd2db&id=663758739325&spm=a230r.1.1957635.32,,"http://img.alicdn.com/tps/TB1l6dkOXXXXXXEXVXXXXXXXXXX-210-210.png_70x70.jpg
//gw.alicdn.com/imgextra/i3/O1CN01Vy4KwO1N1AVZq2ddc_!!0-rate.jpg_110x10000q90.jpg_.webp",1个月前,t**0,颜色图案：一致 面料材质：很好！ ,,, 鸿运连连棉麻 深蓝 35*210cm（适合桌长1.6-1.7米）,,
桌旗中式新中式茶台布艺长条简约现代茶席防水茶桌布茶旗垫布定制,100,,https://detail.tmall.com/item.htm?ali_refid=a3_420434_1006:1125390690:N:NWuY/CBgyPQIWOh6FORhmFcY/nhQjzBG:a3d3876aa70841edb1f5db96009bd2db&ali_trackid=1_a3d3876aa70841edb1f5db96009bd2db&id=663758739325&spm=a230r.1.1957635.32,,http://sns.m.taobao.com/avatar/sns/user/flag/sns_logo?type=taobao&amp;kn=wwc_tb_11&amp;bizCode=taobao_avatar&amp;userFlag=RAzN84GK7wS8eNQKW8dVkuMiWATcDLd5hkSfRaFH53A5sMUakfm3ZJEnFVcRSYGniFxoPGNzQZauDn5aeUQRtuGuaJbBtGfqiK8WkmZcVjwCW2ZeKEKgiVngng9CS1i3sWnEs6gB6cbXq8mQ9W3veWPxRwZEUnmF7wT5xPb,1个月前,t**4,整体评价：非常喜欢，非常满意！ 触摸手感：手感很好！ 颜色图案：非常喜欢 面料材质：很好，很满意！ ,,, 平安 棉麻 褐色（白边） 35*178cm（适合桌长1.3-1.4米）,,
桌旗中式新中式茶台布艺长条简约现代茶席防水茶桌布茶旗垫布定制,100,,https://detail.tmall.com/item.htm?ali_refid=a3_420434_1006:1125390690:N:NWuY/CBgyPQIWOh6FORhmFcY/nhQjzBG:a3d3876aa70841edb1f5db96009bd2db&ali_trackid=1_a3d3876aa70841edb1f5db96009bd2db&id=663758739325&spm=a230r.1.1957635.32,,"http://img.alicdn.com/tps/TB1l6dkOXXXXXXEXVXXXXXXXXXX-210-210.png_70x70.jpg
//gw.alicdn.com/imgextra/i4/O1CN01CYtPWu1MUBqQAUK9D_!!6000000001437-2-tps-2-2.png
//gw.alicdn.com/imgextra/i4/O1CN01CYtPWu1MUBqQAUK9D_!!6000000001437-2-tps-2-2.png",2个月前,东**3,很不错，很厚实，质感很好，做工很不错,,, 鸿运连连棉麻 深蓝 35*300cm（适合桌长2.4-2.6米）,,
桌旗中式新中式茶台布艺长条简约现代茶席防水茶桌布茶旗垫布定制,100,,https://detail.tmall.com/item.htm?ali_refid=a3_420434_1006:1125390690:N:NWuY/CBgyPQIWOh6FORhmFcY/nhQjzBG:a3d3876aa70841edb1f5db96009bd2db&ali_trackid=1_a3d3876aa70841edb1f5db96009bd2db&id=663758739325&spm=a230r.1.1957635.32,,http://img.alicdn.com/tps/TB1l6dkOXXXXXXEXVXXXXXXXXXX-210-210.png_70x70.jpg,11天前,一**居,我173的桌子，应该拍240的桌旗，不过也能用，颜色没有色差，很漂亮,,, 鸿运连连棉麻 深蓝 35*210cm（适合桌长1.6-1.7米）,,
桌旗中式新中式茶台布艺长条简约现代茶席防水茶桌布茶旗垫布定制,100,,https://detail.tmall.com/item.htm?ali_refid=a3_420434_1006:1125390690:N:NWuY/CBgyPQIWOh6FORhmFcY/nhQjzBG:a3d3876aa70841edb1f5db96009bd2db&ali_trackid=1_a3d3876aa70841edb1f5db96009bd2db&id=663758739325&spm=a230r.1.1957635.32,,"http://sns.m.taobao.com/avatar/sns/user/flag/sns_logo?type=taobao&amp;kn=wwc_tb_11&amp;bizCode=taobao_avatar&amp;userFlag=RAzN83923zmuymBBG98423u5KfhLqMZZWKkBp1YJm28hKajAujV3gKgvYkKkiWtyfbuZnc8KyPZYSp4dfU9RLa19bFTeMHsag2D2DUcUoK6vBifHkexCj3GCFt6u
//gw.alicdn.com/imgextra/i4/O1CN01CYtPWu1MUBqQAUK9D_!!6000000001437-2-tps-2-2.png",2个月前,卓**q,第二次买了，质量很好，做工精细，完美,0天后追评实物与描述的一样，质量相当好，卖家态度也好，有问必答，发货速度杠杠的，值得购买哦,, 鸿运连连棉麻 褐色 支持无限长定制（请咨询）,,
桌旗中式新中式茶台布艺长条简约现代茶席防水茶桌布茶旗垫布定制,100,,https://detail.tmall.com/item.htm?ali_refid=a3_420434_1006:1125390690:N:NWuY/CBgyPQIWOh6FORhmFcY/nhQjzBG:a3d3876aa70841edb1f5db96009bd2db&ali_trackid=1_a3d3876aa70841edb1f5db96009bd2db&id=663758739325&spm=a230r.1.1957635.32,,"http://sns.m.taobao.com/avatar/sns/user/flag/sns_logo?type=taobao&amp;kn=wwc_tb_11&amp;bizCode=taobao_avatar&amp;userFlag=RAzN83923zmuym9wxa5ggZvSo1zLdsaE8RXtEjJkKNoZ5JHFrWu1y2sdFrWmy16huWv7NMMSaPVt1dBYoagtS8jp88JnfAkuMDAja1w3RpySUAcJ9h3RAuzwYTgV
//gw.alicdn.com/imgextra/i1/O1CN017l4MNn2KBIb9tIUMS_!!0-rate.jpg_110x10000q90.jpg_.webp",1个月前,c**w,非常棒，质量很好，很nice！,,, 鸿运连连 棉麻 深蓝 套餐 桌旗35*300+餐垫42*36+4个9*9小杯垫,,
桌旗中式新中式茶台布艺长条简约现代茶席防水茶桌布茶旗垫布定制,100,,https://detail.tmall.com/item.htm?ali_refid=a3_420434_1006:1125390690:N:NWuY/CBgyPQIWOh6FORhmFcY/nhQjzBG:a3d3876aa70841edb1f5db96009bd2db&ali_trackid=1_a3d3876aa70841edb1f5db96009bd2db&id=663758739325&spm=a230r.1.1957635.32,,http://img.alicdn.com/tps/TB1l6dkOXXXXXXEXVXXXXXXXXXX-210-210.png_70x70.jpg,1个月前,彩**飞,触摸手感：好 颜色图案：自己选的 面料材质：挺好 ,,, 君子如兰棉麻 米黄 35*178cm（适合桌长1.3-1.4米）,,
桌旗中式新中式茶台布艺长条简约现代茶席防水茶桌布茶旗垫布定制,100,,https://detail.tmall.com/item.htm?ali_refid=a3_420434_1006:1125390690:N:NWuY/CBgyPQIWOh6FORhmFcY/nhQjzBG:a3d3876aa70841edb1f5db96009bd2db&ali_trackid=1_a3d3876aa70841edb1f5db96009bd2db&id=663758739325&spm=a230r.1.1957635.32,,"http://sns.m.taobao.com/avatar/sns/user/flag/sns_logo?type=taobao&amp;kn=wwc_tb_11&amp;bizCode=taobao_avatar&amp;userFlag=RAzN84GK7wS8eNNH4KP9w4Cp6inTJuATVPTQ2rQNPqnQNNVM2VxVo3Cv4PhR6qNGiuitCmD3fqwcmY8GeBiCH3PVxEWvf3VTvhmFnZEcXUHB58pkJF8UoA3TJSBGPgu7K2sVX8dMJgEpqu6mXokqMaBT8EaxqmvfE3iCcp1
//gw.alicdn.com/imgextra/i4/O1CN01CYtPWu1MUBqQAUK9D_!!6000000001437-2-tps-2-2.png",2个月前,木**三,物流很快，材料很好，做工精细，就是感觉稍微长了一点，其他都很好！,,, 鸿运连连棉麻 黄色 35*240cm（适合桌长1.9-2.0米）,,
桌旗中式新中式茶台布艺长条简约现代茶席防水茶桌布茶旗垫布定制,100,,https://detail.tmall.com/item.htm?ali_refid=a3_420434_1006:1125390690:N:NWuY/CBgyPQIWOh6FORhmFcY/nhQjzBG:a3d3876aa70841edb1f5db96009bd2db&ali_trackid=1_a3d3876aa70841edb1f5db96009bd2db&id=663758739325&spm=a230r.1.1957635.32,,http://img.alicdn.com/tps/TB1l6dkOXXXXXXEXVXXXXXXXXXX-210-210.png_70x70.jpg,1个月前,心**2,做工还好，棉麻的，褶皱难平……包装还行，物流快。,,, 鸿运连连棉麻 麻色 35*178cm（适合桌长1.3-1.4米）,,
桌旗中式新中式茶台布艺长条简约现代茶席防水茶桌布茶旗垫布定制,100,,https://detail.tmall.com/item.htm?ali_refid=a3_420434_1006:1125390690:N:NWuY/CBgyPQIWOh6FORhmFcY/nhQjzBG:a3d3876aa70841edb1f5db96009bd2db&ali_trackid=1_a3d3876aa70841edb1f5db96009bd2db&id=663758739325&spm=a230r.1.1957635.32,,"http://sns.m.taobao.com/avatar/sns/user/flag/sns_logo?type=taobao&amp;kn=wwc_tb_11&amp;bizCode=taobao_avatar&amp;userFlag=RAzN84GK7wS8eNYohWiKvSxWbZVD37PzeSjdMEJXJ1nLYMGngjNEXPyc7BqT6Q8MaujLWnzQnkWNnXDsH1HgYVEwaTMcC1spBeAebZ6FNp3NMDDKuvAhNsPKAnkFifNdzrq5g8dEAnYcxRSRvhqaFEJvR6EJCQur6VFediR
//gw.alicdn.com/imgextra/i4/O1CN01CYtPWu1MUBqQAUK9D_!!6000000001437-2-tps-2-2.png",2个月前,t**4,手工比较精致，颜色也挺正，跟我的餐桌挺搭配,,, 鸿运连连棉麻 深蓝 35*240cm（适合桌长1.9-2.0米）,,
桌旗中式新中式茶台布艺长条简约现代茶席防水茶桌布茶旗垫布定制,100,,https://detail.tmall.com/item.htm?ali_refid=a3_420434_1006:1125390690:N:NWuY/CBgyPQIWOh6FORhmFcY/nhQjzBG:a3d3876aa70841edb1f5db96009bd2db&ali_trackid=1_a3d3876aa70841edb1f5db96009bd2db&id=663758739325&spm=a230r.1.1957635.32,,http://img.alicdn.com/tps/TB1l6dkOXXXXXXEXVXXXXXXXXXX-210-210.png_70x70.jpg,1个月前,通**娟,质量很一般，有点失望😞,1天后追评使用了一段时间整体感觉还不错 颜色和桌子很搭配 无色差 材质厚实,, 鸿运连连棉麻 深蓝 35*270cm（适合桌长2.2-2.3米）,,
桌旗中式新中式茶台布艺长条简约现代茶席防水茶桌布茶旗垫布定制,100,,https://detail.tmall.com/item.htm?ali_refid=a3_420434_1006:1125390690:N:NWuY/CBgyPQIWOh6FORhmFcY/nhQjzBG:a3d3876aa70841edb1f5db96009bd2db&ali_trackid=1_a3d3876aa70841edb1f5db96009bd2db&id=663758739325&spm=a230r.1.1957635.32,,"http://sns.m.taobao.com/avatar/sns/user/flag/sns_logo?type=taobao&amp;kn=wwc_tb_11&amp;bizCode=taobao_avatar&amp;userFlag=RAzN84GK7wS8eNYohWiKvSxWbZVD37PzeSjcneCHGoNHfyFLsSDy3j4pEqT6r21GZBfMeV6xe7KjBUUDU78kUU86qZTPN9CUgUNTBK7tKCFpdHoytL2KTf2pCmU9HrRdg3anaqKZbMbgtRH8aN2tucN1aZzScADZBjocu9b
//gw.alicdn.com/imgextra/i4/O1CN01CYtPWu1MUBqQAUK9D_!!6000000001437-2-tps-2-2.png
//gw.alicdn.com/imgextra/i4/O1CN01CYtPWu1MUBqQAUK9D_!!6000000001437-2-tps-2-2.png",3个月前,t**8,回购的，老板让买多一个放另外一个公司茶台。颜色跟茶台颜色搭配，脏了好擦净。茶旗颜值高又实用，超级喜欢！ ,,, 鸿运连连棉麻 褐色 35*240cm（适合桌长1.9-2.0米）,,
桌旗中式新中式茶台布艺长条简约现代茶席防水茶桌布茶旗垫布定制,100,,https://detail.tmall.com/item.htm?ali_refid=a3_420434_1006:1125390690:N:NWuY/CBgyPQIWOh6FORhmFcY/nhQjzBG:a3d3876aa70841edb1f5db96009bd2db&ali_trackid=1_a3d3876aa70841edb1f5db96009bd2db&id=663758739325&spm=a230r.1.1957635.32,,"http://img.alicdn.com/tps/TB1l6dkOXXXXXXEXVXXXXXXXXXX-210-210.png_70x70.jpg
//gw.alicdn.com/imgextra/i4/O1CN01CYtPWu1MUBqQAUK9D_!!6000000001437-2-tps-2-2.png",1个月前,小**6,此用户没有填写评价。,1天后追评质量、颜色非常好,, 鸿运连连棉麻 深蓝 35*350cm（适合桌长2.9-3.1米）,,
桌旗中式新中式茶台布艺长条简约现代茶席防水茶桌布茶旗垫布定制,100,,https://detail.tmall.com/item.htm?ali_refid=a3_420434_1006:1125390690:N:NWuY/CBgyPQIWOh6FORhmFcY/nhQjzBG:a3d3876aa70841edb1f5db96009bd2db&ali_trackid=1_a3d3876aa70841edb1f5db96009bd2db&id=663758739325&spm=a230r.1.1957635.32,,"http://img.alicdn.com/tps/TB1l6dkOXXXXXXEXVXXXXXXXXXX-210-210.png_70x70.jpg
//gw.alicdn.com/imgextra/i4/O1CN01CYtPWu1MUBqQAUK9D_!!6000000001437-2-tps-2-2.png",2个月前,w**了,此用户没有填写评价。,1天后追评狠不错呢，尺寸刚刚好，和我桌子颜色也很搭，做工也挺精细的，没有发现有线头，还不赖,, 鸿运连连棉麻 深蓝 35*178cm（适合桌长1.3-1.4米）,,
桌旗中式新中式茶台布艺长条简约现代茶席防水茶桌布茶旗垫布定制,100,,https://detail.tmall.com/item.htm?ali_refid=a3_420434_1006:1125390690:N:NWuY/CBgyPQIWOh6FORhmFcY/nhQjzBG:a3d3876aa70841edb1f5db96009bd2db&ali_trackid=1_a3d3876aa70841edb1f5db96009bd2db&id=663758739325&spm=a230r.1.1957635.32,,http://sns.m.taobao.com/avatar/sns/user/flag/sns_logo?type=taobao&amp;kn=wwc_tb_11&amp;bizCode=taobao_avatar&amp;userFlag=RAzN84GK7wS8eNKzHte5Yyz5Uxv8fde1qrcc7pnBHkxpxHFKaQqXNW4zJXJ79Ds8E2muRGSNUib79Pt4MWZDUc1zrjsUk2Zya4n3Jmfk9iWAmMrrSJ2Wt75Dk792YTyFb9AdGPUrrnK5APj45FaDSstgY4gB9nn2auKXsQD,2个月前,a**4,卖家聊天记录不在了，说是电脑自动清除，发成交角的，说是系统默认的，合着所有的损失都是买家自己承担，我就呵呵了，真会做生意,2天后追评有责任的商家  有问题及时联系给到了解决方案  售后很给力 已处理好 也是老顾客了 商品整体还是不错的,, 平安 棉麻 深蓝（蓝边） 35*178cm（适合桌长1.3-1.4米）,,
桌旗中式新中式茶台布艺长条简约现代茶席防水茶桌布茶旗垫布定制,100,,https://detail.tmall.com/item.htm?ali_refid=a3_420434_1006:1125390690:N:NWuY/CBgyPQIWOh6FORhmFcY/nhQjzBG:a3d3876aa70841edb1f5db96009bd2db&ali_trackid=1_a3d3876aa70841edb1f5db96009bd2db&id=663758739325&spm=a230r.1.1957635.32,,"http://sns.m.taobao.com/avatar/sns/user/flag/sns_logo?type=taobao&amp;kn=wwc_tb_11&amp;bizCode=taobao_avatar&amp;userFlag=RAzN84GK7wS8eNKzHte5Yyz5Uxv8fde1qrccX5cRgAZJrqCYLvph6mzUWJfRWipEHwJe8hGdCX6i7hNTGa6V7FvsuMEWMLgPTerxRP43mcB2jeQt9g36PNXbuyXuhbmNoeRMp66SpG3p5ahSnUUcTDdXd16cbY78W9eSSyo
//gw.alicdn.com/imgextra/i4/O1CN01CYtPWu1MUBqQAUK9D_!!6000000001437-2-tps-2-2.png",2个月前,涵**y,此用户没有填写评价。,0天后追评刚收到就用上了，不错，挺高大上的感觉，满意,, 平安 棉麻 深蓝（蓝边） 35*240cm（适合桌长1.9-2.0米）,,
桌旗中式新中式茶台布艺长条简约现代茶席防水茶桌布茶旗垫布定制,100,,https://detail.tmall.com/item.htm?ali_refid=a3_420434_1006:1125390690:N:NWuY/CBgyPQIWOh6FORhmFcY/nhQjzBG:a3d3876aa70841edb1f5db96009bd2db&ali_trackid=1_a3d3876aa70841edb1f5db96009bd2db&id=663758739325&spm=a230r.1.1957635.32,,"http://img.alicdn.com/tps/TB1l6dkOXXXXXXEXVXXXXXXXXXX-210-210.png_70x70.jpg
//gw.alicdn.com/imgextra/i4/O1CN01CYtPWu1MUBqQAUK9D_!!6000000001437-2-tps-2-2.png
//gw.alicdn.com/imgextra/i4/O1CN01CYtPWu1MUBqQAUK9D_!!6000000001437-2-tps-2-2.png
//gw.alicdn.com/imgextra/i4/O1CN01CYtPWu1MUBqQAUK9D_!!6000000001437-2-tps-2-2.png",1个月前,z**8,此用户没有填写评价。,0天后追评真的喜欢。谢谢😊,, 君子如兰棉麻 米黄 35*210cm（适合桌长1.6-1.7米）,,
桌旗中式新中式茶台布艺长条简约现代茶席防水茶桌布茶旗垫布定制,100,,https://detail.tmall.com/item.htm?ali_refid=a3_420434_1006:1125390690:N:NWuY/CBgyPQIWOh6FORhmFcY/nhQjzBG:a3d3876aa70841edb1f5db96009bd2db&ali_trackid=1_a3d3876aa70841edb1f5db96009bd2db&id=663758739325&spm=a230r.1.1957635.32,,"http://sns.m.taobao.com/avatar/sns/user/flag/sns_logo?type=taobao&amp;kn=wwc_tb_11&amp;bizCode=taobao_avatar&amp;userFlag=RAzN83923zmuym9AmvUe1YYRYcudSrMS7QH9T4DXQybjow2wefABKw2tifbAuYkyuXoLKDtFRLqh29WNJZkE5eh92VjBS1cT6j2wGt5Dg351p7jwaCFHqWBnN3qn
//gw.alicdn.com/imgextra/i4/O1CN01CYtPWu1MUBqQAUK9D_!!6000000001437-2-tps-2-2.png",2个月前,j**8,此用户没有填写评价。,2天后追评桌旗布铺上很大气，很满意，质量也很好,, 爱莲棉麻 米黄 35*178cm（适合桌长1.3-1.4米）,,
桌旗中式新中式茶台布艺长条简约现代茶席防水茶桌布茶旗垫布定制,100,,https://detail.tmall.com/item.htm?ali_refid=a3_420434_1006:1125390690:N:NWuY/CBgyPQIWOh6FORhmFcY/nhQjzBG:a3d3876aa70841edb1f5db96009bd2db&ali_trackid=1_a3d3876aa70841edb1f5db96009bd2db&id=663758739325&spm=a230r.1.1957635.32,,"http://img.alicdn.com/tps/TB1l6dkOXXXXXXEXVXXXXXXXXXX-210-210.png_70x70.jpg
//gw.alicdn.com/imgextra/i4/O1CN01CYtPWu1MUBqQAUK9D_!!6000000001437-2-tps-2-2.png",2个月前,晖**5,质量不错，推荐,,, 陶然居棉麻 烟灰 35*240cm（适合桌长1.9-2.0米）,,
桌旗中式新中式茶台布艺长条简约现代茶席防水茶桌布茶旗垫布定制,100,,https://detail.tmall.com/item.htm?ali_refid=a3_420434_1006:1125390690:N:NWuY/CBgyPQIWOh6FORhmFcY/nhQjzBG:a3d3876aa70841edb1f5db96009bd2db&ali_trackid=1_a3d3876aa70841edb1f5db96009bd2db&id=663758739325&spm=a230r.1.1957635.32,,"http://sns.m.taobao.com/avatar/sns/user/flag/sns_logo?type=taobao&amp;kn=wwc_tb_11&amp;bizCode=taobao_avatar&amp;userFlag=RAzN83923zmuym9AmvUe1YYRYcudSrMS7QH9T4WsRuXxH6JxS8m9wT2nHneHnQBAySKJNX3iYNdL41wk2qkkbHJNoGoKXQf8NdN85C1JEpNftJgFuqeAHUBSueeK
//gw.alicdn.com/imgextra/i4/O1CN01CYtPWu1MUBqQAUK9D_!!6000000001437-2-tps-2-2.png",2个月前,z**4,档次一下就上来了，哈哈，必须好评 ,,, 芳华 棉麻 深蓝 35*120cm（适合桌长0.7-0.8米）,,
桌旗中式新中式茶台布艺长条简约现代茶席防水茶桌布茶旗垫布定制,100,,https://detail.tmall.com/item.htm?ali_refid=a3_420434_1006:1125390690:N:NWuY/CBgyPQIWOh6FORhmFcY/nhQjzBG:a3d3876aa70841edb1f5db96009bd2db&ali_trackid=1_a3d3876aa70841edb1f5db96009bd2db&id=663758739325&spm=a230r.1.1957635.32,,"http://img.alicdn.com/tps/TB1l6dkOXXXXXXEXVXXXXXXXXXX-210-210.png_70x70.jpg
//gw.alicdn.com/imgextra/i4/O1CN01CYtPWu1MUBqQAUK9D_!!6000000001437-2-tps-2-2.png",2个月前,萌**厂,铺开皱巴巴的，不是很理想，面料很薄 ,,, 鸿运连连棉麻 深蓝 35*350cm（适合桌长2.9-3.1米）,,
桌旗中式新中式茶台布艺长条简约现代茶席防水茶桌布茶旗垫布定制,100,,https://detail.tmall.com/item.htm?ali_refid=a3_420434_1006:1125390690:N:NWuY/CBgyPQIWOh6FORhmFcY/nhQjzBG:a3d3876aa70841edb1f5db96009bd2db&ali_trackid=1_a3d3876aa70841edb1f5db96009bd2db&id=663758739325&spm=a230r.1.1957635.32,,http://sns.m.taobao.com/avatar/sns/user/flag/sns_logo?type=taobao&amp;kn=wwc_tb_11&amp;bizCode=taobao_avatar&amp;userFlag=RAzN83923zmuym9AmvUe1YYRYcudSrMS7QH9ULUSiygEVobiXSXMscKGdkc5rFAy96ExUCrnJyeRJLCnYfVjiYQTdbjCaexMJg6ytJvzEheHY7Lfm6E9mcehEQM4,19天前,西**3,很漂亮，我买的岩板茶桌不知道合适用不，哈哈  整体评价：  ,,, 鸿运连连棉麻 深蓝 35*350cm（适合桌长2.9-3.1米）,,
桌旗中式新中式茶台布艺长条简约现代茶席防水茶桌布茶旗垫布定制,100,,https://detail.tmall.com/item.htm?ali_refid=a3_420434_1006:1125390690:N:NWuY/CBgyPQIWOh6FORhmFcY/nhQjzBG:a3d3876aa70841edb1f5db96009bd2db&ali_trackid=1_a3d3876aa70841edb1f5db96009bd2db&id=663758739325&spm=a230r.1.1957635.32,,http://img.alicdn.com/tps/TB1l6dkOXXXXXXEXVXXXXXXXXXX-210-210.png_70x70.jpg,1个月前,李**7,质量不错 就是价格高点,,, 鸿运连连棉麻 深蓝 35*270cm（适合桌长2.2-2.3米）,,
桌旗中式新中式茶台布艺长条简约现代茶席防水茶桌布茶旗垫布定制,100,,https://detail.tmall.com/item.htm?ali_refid=a3_420434_1006:1125390690:N:NWuY/CBgyPQIWOh6FORhmFcY/nhQjzBG:a3d3876aa70841edb1f5db96009bd2db&ali_trackid=1_a3d3876aa70841edb1f5db96009bd2db&id=663758739325&spm=a230r.1.1957635.32,,"http://img.alicdn.com/tps/TB1l6dkOXXXXXXEXVXXXXXXXXXX-210-210.png_70x70.jpg
//gw.alicdn.com/imgextra/i4/O1CN01CYtPWu1MUBqQAUK9D_!!6000000001437-2-tps-2-2.png",1个月前,浮**媚,整体评价：放上去挺漂亮的喜欢 ,,, 鸿运连连棉麻 深蓝 35*240cm（适合桌长1.9-2.0米）,,
桌旗中式新中式茶台布艺长条简约现代茶席防水茶桌布茶旗垫布定制,100,,https://detail.tmall.com/item.htm?ali_refid=a3_420434_1006:1125390690:N:NWuY/CBgyPQIWOh6FORhmFcY/nhQjzBG:a3d3876aa70841edb1f5db96009bd2db&ali_trackid=1_a3d3876aa70841edb1f5db96009bd2db&id=663758739325&spm=a230r.1.1957635.32,,"http://sns.m.taobao.com/avatar/sns/user/flag/sns_logo?type=taobao&amp;kn=wwc_tb_11&amp;bizCode=taobao_avatar&amp;userFlag=RAzN83923zmuymAzkBi8eEMWoHpXxeyVtb5YqT4Y9Qi1F8uAJmBArcDaepRHfeYq3JxnaBZfb3BWbs5oiEmAR4zZi7f2HnwMkGvmraSYhtuc8mxMxN2vyFdnfRkW
//gw.alicdn.com/imgextra/i4/O1CN01CYtPWu1MUBqQAUK9D_!!6000000001437-2-tps-2-2.png
//gw.alicdn.com/imgextra/i4/O1CN01CYtPWu1MUBqQAUK9D_!!6000000001437-2-tps-2-2.png",2个月前,卓**q,此用户没有填写评价。,10天后追评一如既往，好评，今天又下单买了。,, 鸿运连连棉麻 深蓝 支持无限长定制（请咨询）,,
桌旗中式新中式茶台布艺长条简约现代茶席防水茶桌布茶旗垫布定制,100,,https://detail.tmall.com/item.htm?ali_refid=a3_420434_1006:1125390690:N:NWuY/CBgyPQIWOh6FORhmFcY/nhQjzBG:a3d3876aa70841edb1f5db96009bd2db&ali_trackid=1_a3d3876aa70841edb1f5db96009bd2db&id=663758739325&spm=a230r.1.1957635.32,,http://img.alicdn.com/tps/TB1l6dkOXXXXXXEXVXXXXXXXXXX-210-210.png_70x70.jpg,2个月前,杨**步,货收到还未打开使用，目测颜色图案不错。使用后再来评价。先给好评。,,, 鸿运连连棉麻 深蓝 35*240cm（适合桌长1.9-2.0米）,,
桌旗中式新中式茶台布艺长条简约现代茶席防水茶桌布茶旗垫布定制,100,,https://detail.tmall.com/item.htm?ali_refid=a3_420434_1006:1125390690:N:NWuY/CBgyPQIWOh6FORhmFcY/nhQjzBG:a3d3876aa70841edb1f5db96009bd2db&ali_trackid=1_a3d3876aa70841edb1f5db96009bd2db&id=663758739325&spm=a230r.1.1957635.32,,"http://img.alicdn.com/tps/TB1l6dkOXXXXXXEXVXXXXXXXXXX-210-210.png_70x70.jpg
//gw.alicdn.com/imgextra/i4/O1CN01CYtPWu1MUBqQAUK9D_!!6000000001437-2-tps-2-2.png",3个月前,t**1,整体评价：非常好、老公喜欢 颜色图案：颜色大气 ,,, 鸿运连连棉麻 深蓝 35*210cm（适合桌长1.6-1.7米）,,
桌旗中式新中式茶台布艺长条简约现代茶席防水茶桌布茶旗垫布定制,100,,https://detail.tmall.com/item.htm?ali_refid=a3_420434_1006:1125390690:N:NWuY/CBgyPQIWOh6FORhmFcY/nhQjzBG:a3d3876aa70841edb1f5db96009bd2db&ali_trackid=1_a3d3876aa70841edb1f5db96009bd2db&id=663758739325&spm=a230r.1.1957635.32,,"http://img.alicdn.com/tps/TB1l6dkOXXXXXXEXVXXXXXXXXXX-210-210.png_70x70.jpg
//gw.alicdn.com/imgextra/i4/O1CN01CYtPWu1MUBqQAUK9D_!!6000000001437-2-tps-2-2.png",7天前,z**8,物美价廉,,, 鸿运连连棉麻 深蓝 35*210cm（适合桌长1.6-1.7米）,,
桌旗中式新中式茶台布艺长条简约现代茶席防水茶桌布茶旗垫布定制,100,,https://detail.tmall.com/item.htm?ali_refid=a3_420434_1006:1125390690:N:NWuY/CBgyPQIWOh6FORhmFcY/nhQjzBG:a3d3876aa70841edb1f5db96009bd2db&ali_trackid=1_a3d3876aa70841edb1f5db96009bd2db&id=663758739325&spm=a230r.1.1957635.32,,http://img.alicdn.com/tps/TB1l6dkOXXXXXXEXVXXXXXXXXXX-210-210.png_70x70.jpg,2个月前,口**民,面料材质：很好 整体评价：物有所值 ,,, 爱莲棉麻 烟灰 35*240cm（适合桌长1.9-2.0米）,,
桌旗中式新中式茶台布艺长条简约现代茶席防水茶桌布茶旗垫布定制,100,,https://detail.tmall.com/item.htm?ali_refid=a3_420434_1006:1125390690:N:NWuY/CBgyPQIWOh6FORhmFcY/nhQjzBG:a3d3876aa70841edb1f5db96009bd2db&ali_trackid=1_a3d3876aa70841edb1f5db96009bd2db&id=663758739325&spm=a230r.1.1957635.32,,http://sns.m.taobao.com/avatar/sns/user/flag/sns_logo?type=taobao&amp;kn=wwc_tb_11&amp;bizCode=taobao_avatar&amp;userFlag=RAzN84GK7wS8eNq95NqXqxZKy9zxjUpG6cssVTusKpEx2Dk8BdNfX6jjSWTCU3MhcYJtoQc7hMzEorCpagJB4q1t8k3zi4rYz7H9P8fh8ntfYuLaxXniLBU2q6hmT5SqPG5QgNjHQT9perfoHDAiC33JDNVmHP66wuUuhLV,1个月前,s**5,品质很好，点赞！,,, 鸿运连连棉麻 深蓝 35*300cm（适合桌长2.4-2.6米）,,
桌旗中式新中式茶台布艺长条简约现代茶席防水茶桌布茶旗垫布定制,100,,https://detail.tmall.com/item.htm?ali_refid=a3_420434_1006:1125390690:N:NWuY/CBgyPQIWOh6FORhmFcY/nhQjzBG:a3d3876aa70841edb1f5db96009bd2db&ali_trackid=1_a3d3876aa70841edb1f5db96009bd2db&id=663758739325&spm=a230r.1.1957635.32,,"http://sns.m.taobao.com/avatar/sns/user/flag/sns_logo?type=taobao&amp;kn=wwc_tb_11&amp;bizCode=taobao_avatar&amp;userFlag=RAzN84GK7wS8eNq95NqXqxZKy9zxjUpG6cstBfiRTrcUNw5BtEA71GYu6B1Uz5WyKVKGMvqyM5y4vqhTFvU9fQ5ij39m3dw7TjMov351eiMX5U7zognVzuLKW2ReUFqLxsXTDwYcrDTKx4r2LNzp2F87PG23B4zTTimwSj3
//gw.alicdn.com/imgextra/i4/O1CN01CYtPWu1MUBqQAUK9D_!!6000000001437-2-tps-2-2.png
//gw.alicdn.com/imgextra/i4/O1CN01CYtPWu1MUBqQAUK9D_!!6000000001437-2-tps-2-2.png
//gw.alicdn.com/imgextra/i4/O1CN01CYtPWu1MUBqQAUK9D_!!6000000001437-2-tps-2-2.png",3个月前,t**4,此用户没有填写评价。,0天后追评漂亮、大气、质量好,, 鸿运连连棉麻 深蓝 35*240cm（适合桌长1.9-2.0米）,,
桌旗中式新中式茶台布艺长条简约现代茶席防水茶桌布茶旗垫布定制,100,,https://detail.tmall.com/item.htm?ali_refid=a3_420434_1006:1125390690:N:NWuY/CBgyPQIWOh6FORhmFcY/nhQjzBG:a3d3876aa70841edb1f5db96009bd2db&ali_trackid=1_a3d3876aa70841edb1f5db96009bd2db&id=663758739325&spm=a230r.1.1957635.32,,"http://img.alicdn.com/tps/TB1l6dkOXXXXXXEXVXXXXXXXXXX-210-210.png_70x70.jpg
//gw.alicdn.com/imgextra/i4/O1CN01CYtPWu1MUBqQAUK9D_!!6000000001437-2-tps-2-2.png
//gw.alicdn.com/imgextra/i4/O1CN01CYtPWu1MUBqQAUK9D_!!6000000001437-2-tps-2-2.png
//gw.alicdn.com/imgextra/i4/O1CN01CYtPWu1MUBqQAUK9D_!!6000000001437-2-tps-2-2.png",4个月前,一**双,非常不错，和定制的椅垫很搭配，特别漂亮，赞一个 ,,, 鸿运连连 棉麻 烟灰 套餐 桌旗35*240+餐垫42*36+4个9*9小杯垫,,
桌旗中式新中式茶台布艺长条简约现代茶席防水茶桌布茶旗垫布定制,100,,https://detail.tmall.com/item.htm?ali_refid=a3_420434_1006:1125390690:N:NWuY/CBgyPQIWOh6FORhmFcY/nhQjzBG:a3d3876aa70841edb1f5db96009bd2db&ali_trackid=1_a3d3876aa70841edb1f5db96009bd2db&id=663758739325&spm=a230r.1.1957635.32,,"http://img.alicdn.com/tps/TB1l6dkOXXXXXXEXVXXXXXXXXXX-210-210.png_70x70.jpg
//gw.alicdn.com/imgextra/i4/O1CN01CYtPWu1MUBqQAUK9D_!!6000000001437-2-tps-2-2.png
//gw.alicdn.com/imgextra/i4/O1CN01CYtPWu1MUBqQAUK9D_!!6000000001437-2-tps-2-2.png
//gw.alicdn.com/imgextra/i4/O1CN01CYtPWu1MUBqQAUK9D_!!6000000001437-2-tps-2-2.png",4个月前,金**8,整体评价：好评 触摸手感：工艺细致 颜色图案：好看 面料材质：厚实 ,,, 鸿运连连棉麻 深蓝 35*240cm（适合桌长1.9-2.0米）,,
桌旗中式新中式茶台布艺长条简约现代茶席防水茶桌布茶旗垫布定制,100,,https://detail.tmall.com/item.htm?ali_refid=a3_420434_1006:1125390690:N:NWuY/CBgyPQIWOh6FORhmFcY/nhQjzBG:a3d3876aa70841edb1f5db96009bd2db&ali_trackid=1_a3d3876aa70841edb1f5db96009bd2db&id=663758739325&spm=a230r.1.1957635.32,,"http://img.alicdn.com/tps/TB1l6dkOXXXXXXEXVXXXXXXXXXX-210-210.png_70x70.jpg
//gw.alicdn.com/imgextra/i4/O1CN01CYtPWu1MUBqQAUK9D_!!6000000001437-2-tps-2-2.png",2个月前,t**1,挺好的，质量可以 ,,, 鸿运连连棉麻 深蓝 35*240cm（适合桌长1.9-2.0米）,,
桌旗中式新中式茶台布艺长条简约现代茶席防水茶桌布茶旗垫布定制,100,,https://detail.tmall.com/item.htm?ali_refid=a3_420434_1006:1125390690:N:NWuY/CBgyPQIWOh6FORhmFcY/nhQjzBG:a3d3876aa70841edb1f5db96009bd2db&ali_trackid=1_a3d3876aa70841edb1f5db96009bd2db&id=663758739325&spm=a230r.1.1957635.32,,http://img.alicdn.com/tps/TB1l6dkOXXXXXXEXVXXXXXXXXXX-210-210.png_70x70.jpg,6天前,s**n,很不错，第二次回购,,, 鸿运连连棉麻 深蓝 35*350cm（适合桌长2.9-3.1米）,,
桌旗中式新中式茶台布艺长条简约现代茶席防水茶桌布茶旗垫布定制,100,,https://detail.tmall.com/item.htm?ali_refid=a3_420434_1006:1125390690:N:NWuY/CBgyPQIWOh6FORhmFcY/nhQjzBG:a3d3876aa70841edb1f5db96009bd2db&ali_trackid=1_a3d3876aa70841edb1f5db96009bd2db&id=663758739325&spm=a230r.1.1957635.32,,http://img.alicdn.com/tps/TB1l6dkOXXXXXXEXVXXXXXXXXXX-210-210.png_70x70.jpg,3个月前,惠**3,铺上漂亮，质量很好，满意！ ,,, 鸿运连连棉麻 深蓝 35*210cm（适合桌长1.6-1.7米）,,
桌旗中式新中式茶台布艺长条简约现代茶席防水茶桌布茶旗垫布定制,100,,https://detail.tmall.com/item.htm?ali_refid=a3_420434_1006:1125390690:N:NWuY/CBgyPQIWOh6FORhmFcY/nhQjzBG:a3d3876aa70841edb1f5db96009bd2db&ali_trackid=1_a3d3876aa70841edb1f5db96009bd2db&id=663758739325&spm=a230r.1.1957635.32,,"http://img.alicdn.com/tps/TB1l6dkOXXXXXXEXVXXXXXXXXXX-210-210.png_70x70.jpg
//gw.alicdn.com/imgextra/i4/O1CN01CYtPWu1MUBqQAUK9D_!!6000000001437-2-tps-2-2.png
//gw.alicdn.com/imgextra/i4/O1CN01CYtPWu1MUBqQAUK9D_!!6000000001437-2-tps-2-2.png
//gw.alicdn.com/imgextra/i4/O1CN01CYtPWu1MUBqQAUK9D_!!6000000001437-2-tps-2-2.png",4个月前,1**语,质量不错，这是第二次购买，推荐给朋友们了 ,,, 鸿运连连棉麻 黄色 35*178cm（适合桌长1.3-1.4米）,,
桌旗中式新中式茶台布艺长条简约现代茶席防水茶桌布茶旗垫布定制,100,,https://detail.tmall.com/item.htm?ali_refid=a3_420434_1006:1125390690:N:NWuY/CBgyPQIWOh6FORhmFcY/nhQjzBG:a3d3876aa70841edb1f5db96009bd2db&ali_trackid=1_a3d3876aa70841edb1f5db96009bd2db&id=663758739325&spm=a230r.1.1957635.32,,"http://sns.m.taobao.com/avatar/sns/user/flag/sns_logo?type=taobao&amp;kn=wwc_tb_11&amp;bizCode=taobao_avatar&amp;userFlag=RAzN83923zmuym9q89b877Mmx7PxY482ctC9pvfWyQcH6P2s7iDHy4ftEuc7kDvx7T2cop2ufJY9FoXGVtTCQsHbpkcg41wJFvw6XmnsRWZ5m7Vw5ANezzWSWGNU
//gw.alicdn.com/imgextra/i4/O1CN01CYtPWu1MUBqQAUK9D_!!6000000001437-2-tps-2-2.png",3个月前,淇**9,质量还不错,,, 鸿运连连 棉麻 烟灰 套餐 桌旗35*270+餐垫42*36+4个9*9小杯垫,,
桌旗中式新中式茶台布艺长条简约现代茶席防水茶桌布茶旗垫布定制,100,,https://detail.tmall.com/item.htm?ali_refid=a3_420434_1006:1125390690:N:NWuY/CBgyPQIWOh6FORhmFcY/nhQjzBG:a3d3876aa70841edb1f5db96009bd2db&ali_trackid=1_a3d3876aa70841edb1f5db96009bd2db&id=663758739325&spm=a230r.1.1957635.32,,http://sns.m.taobao.com/avatar/sns/user/flag/sns_logo?type=taobao&amp;kn=wwc_tb_11&amp;bizCode=taobao_avatar&amp;userFlag=RAzN84GK7wS8eNJWrULengCQiJTme3NPYHU8XA3xE4nP4WA3PHjaZM2rB9xYdWcr7uyWr5oYnRMFuiThbhqbvg5irNBwpCD2ADGoSWMroJQzBNSNo7Svi8uxkDxQPSeFZuMixWdRTWrh4KePzoktQkfm4SX8Edc9VHbbDYu,3个月前,过**吗,东西不错，值得购买，服务很好,,, 鸿运连连棉麻 褐色 35*270cm（适合桌长2.2-2.3米）,,
桌旗中式新中式茶台布艺长条简约现代茶席防水茶桌布茶旗垫布定制,100,,https://detail.tmall.com/item.htm?ali_refid=a3_420434_1006:1125390690:N:NWuY/CBgyPQIWOh6FORhmFcY/nhQjzBG:a3d3876aa70841edb1f5db96009bd2db&ali_trackid=1_a3d3876aa70841edb1f5db96009bd2db&id=663758739325&spm=a230r.1.1957635.32,,"http://img.alicdn.com/tps/TB1l6dkOXXXXXXEXVXXXXXXXXXX-210-210.png_70x70.jpg
//gw.alicdn.com/imgextra/i4/O1CN01CYtPWu1MUBqQAUK9D_!!6000000001437-2-tps-2-2.png",4个月前,时**世,此用户没有填写评价。,0天后追评东西质量不错，摆在大板上很好看，上档次,, 鸿运连连棉麻 黄色 35*270cm（适合桌长2.2-2.3米）,,
桌旗中式新中式茶台布艺长条简约现代茶席防水茶桌布茶旗垫布定制,100,,https://detail.tmall.com/item.htm?ali_refid=a3_420434_1006:1125390690:N:NWuY/CBgyPQIWOh6FORhmFcY/nhQjzBG:a3d3876aa70841edb1f5db96009bd2db&ali_trackid=1_a3d3876aa70841edb1f5db96009bd2db&id=663758739325&spm=a230r.1.1957635.32,,"http://img.alicdn.com/tps/TB1l6dkOXXXXXXEXVXXXXXXXXXX-210-210.png_70x70.jpg
//gw.alicdn.com/imgextra/i4/O1CN01CYtPWu1MUBqQAUK9D_!!6000000001437-2-tps-2-2.png",4个月前,嘉**w,颜色很高级，质量也很好 ,,, 鸿运连连棉麻 深蓝 支持无限长定制（请咨询）,,
桌旗中式新中式茶台布艺长条简约现代茶席防水茶桌布茶旗垫布定制,100,,https://detail.tmall.com/item.htm?ali_refid=a3_420434_1006:1125390690:N:NWuY/CBgyPQIWOh6FORhmFcY/nhQjzBG:a3d3876aa70841edb1f5db96009bd2db&ali_trackid=1_a3d3876aa70841edb1f5db96009bd2db&id=663758739325&spm=a230r.1.1957635.32,,"http://img.alicdn.com/tps/TB1l6dkOXXXXXXEXVXXXXXXXXXX-210-210.png_70x70.jpg
//gw.alicdn.com/imgextra/i4/O1CN01CYtPWu1MUBqQAUK9D_!!6000000001437-2-tps-2-2.png
//gw.alicdn.com/imgextra/i4/O1CN01CYtPWu1MUBqQAUK9D_!!6000000001437-2-tps-2-2.png
//gw.alicdn.com/imgextra/i4/O1CN01CYtPWu1MUBqQAUK9D_!!6000000001437-2-tps-2-2.png
//gw.alicdn.com/imgextra/i4/O1CN01CYtPWu1MUBqQAUK9D_!!6000000001437-2-tps-2-2.png",3个月前,t**1,此用户没有填写评价。,0天后追评好看,, 鸿运连连棉麻 深蓝 35*240cm（适合桌长1.9-2.0米）,,
桌旗中式新中式茶台布艺长条简约现代茶席防水茶桌布茶旗垫布定制,100,,https://detail.tmall.com/item.htm?ali_refid=a3_420434_1006:1125390690:N:NWuY/CBgyPQIWOh6FORhmFcY/nhQjzBG:a3d3876aa70841edb1f5db96009bd2db&ali_trackid=1_a3d3876aa70841edb1f5db96009bd2db&id=663758739325&spm=a230r.1.1957635.32,,"http://img.alicdn.com/tps/TB1l6dkOXXXXXXEXVXXXXXXXXXX-210-210.png_70x70.jpg
//gw.alicdn.com/imgextra/i4/O1CN01CYtPWu1MUBqQAUK9D_!!6000000001437-2-tps-2-2.png
//gw.alicdn.com/imgextra/i4/O1CN01CYtPWu1MUBqQAUK9D_!!6000000001437-2-tps-2-2.png
//gw.alicdn.com/imgextra/i4/O1CN01CYtPWu1MUBqQAUK9D_!!6000000001437-2-tps-2-2.png
//gw.alicdn.com/imgextra/i4/O1CN01CYtPWu1MUBqQAUK9D_!!6000000001437-2-tps-2-2.png",3个月前,t**1,非常漂亮 ,,, 鸿运连连棉麻 深蓝 35*240cm（适合桌长1.9-2.0米）,,
桌旗中式新中式茶台布艺长条简约现代茶席防水茶桌布茶旗垫布定制,100,,https://detail.tmall.com/item.htm?ali_refid=a3_420434_1006:1125390690:N:NWuY/CBgyPQIWOh6FORhmFcY/nhQjzBG:a3d3876aa70841edb1f5db96009bd2db&ali_trackid=1_a3d3876aa70841edb1f5db96009bd2db&id=663758739325&spm=a230r.1.1957635.32,,"http://sns.m.taobao.com/avatar/sns/user/flag/sns_logo?type=taobao&amp;kn=wwc_tb_11&amp;bizCode=taobao_avatar&amp;userFlag=RAzN84GK7wS8eNpJh36gxL4dtYV2ixEDhAVLpCX8ca6UANLTo8YnuvxmVmBZaEzQ54f1Hdhv7VetMkhLZAsgqbytrcfDNrGYbyn3JPvUpEKrTPLET18csSm9on5adfUn2r59SKwQPBiVaLjfGHEFfqB4s6PLY3ZGqRJmVgd
//gw.alicdn.com/imgextra/i4/O1CN01CYtPWu1MUBqQAUK9D_!!6000000001437-2-tps-2-2.png",2个月前,张**9,完美  ,,, 鸿运连连棉麻 深蓝 支持无限长定制（请咨询）,,
桌旗中式新中式茶台布艺长条简约现代茶席防水茶桌布茶旗垫布定制,100,,https://detail.tmall.com/item.htm?ali_refid=a3_420434_1006:1125390690:N:NWuY/CBgyPQIWOh6FORhmFcY/nhQjzBG:a3d3876aa70841edb1f5db96009bd2db&ali_trackid=1_a3d3876aa70841edb1f5db96009bd2db&id=663758739325&spm=a230r.1.1957635.32,,http://sns.m.taobao.com/avatar/sns/user/flag/sns_logo?type=taobao&amp;kn=wwc_tb_11&amp;bizCode=taobao_avatar&amp;userFlag=RAzN84GK7wS8eNq95NqXqxZKy9zxjUpG6cstRLHezhMyPPe49SwPezxgi3H7Se4iyRnJTHcJ96GdANmjBbhKTJxZwmGUiAg9nPUv1kGHgWbinDT61oJ9GN7oKuQwu6bJQ3vQw4kR6XyU6KpByx5hHcxbLrQanJgXDsKUSw3,3个月前,大**儿,整体评价：很不错，感觉很棒 ,,, 鸿运连连棉麻 深蓝 35*270cm（适合桌长2.2-2.3米）,,
桌旗中式新中式茶台布艺长条简约现代茶席防水茶桌布茶旗垫布定制,100,,https://detail.tmall.com/item.htm?ali_refid=a3_420434_1006:1125390690:N:NWuY/CBgyPQIWOh6FORhmFcY/nhQjzBG:a3d3876aa70841edb1f5db96009bd2db&ali_trackid=1_a3d3876aa70841edb1f5db96009bd2db&id=663758739325&spm=a230r.1.1957635.32,,"http://sns.m.taobao.com/avatar/sns/user/flag/sns_logo?type=taobao&amp;kn=wwc_tb_11&amp;bizCode=taobao_avatar&amp;userFlag=RAzN84GK7wS8eNpJh36gxL4dtYV2ixEDhAVM2HLrY7m2Lnv8jZGwneHvEZ1T1FtumpPvyY7Pao2FByph2JBJYMB8zUaUU9ENCN7hBQkKPdg3Dm4SUUtW9oiKAi9EQBCs14pjiAx6dxB75dnnzRQY5ukb7cqJiEoqm2cHNAD
//gw.alicdn.com/imgextra/i4/O1CN01CYtPWu1MUBqQAUK9D_!!6000000001437-2-tps-2-2.png",4个月前,韩**佳,整体评价：太漂亮了，绣工很不错，图案越看越好看👍👍👍👍👍 ,,, 鸿运连连棉麻 深蓝 35*240cm（适合桌长1.9-2.0米）,,
桌旗中式新中式茶台布艺长条简约现代茶席防水茶桌布茶旗垫布定制,100,,https://detail.tmall.com/item.htm?ali_refid=a3_420434_1006:1125390690:N:NWuY/CBgyPQIWOh6FORhmFcY/nhQjzBG:a3d3876aa70841edb1f5db96009bd2db&ali_trackid=1_a3d3876aa70841edb1f5db96009bd2db&id=663758739325&spm=a230r.1.1957635.32,,http://sns.m.taobao.com/avatar/sns/user/flag/sns_logo?type=taobao&amp;kn=wwc_tb_11&amp;bizCode=taobao_avatar&amp;userFlag=RAzN83923zmuym8sBNdYKhbrDpTeruPuUmeysjkKvSpDySt7WMT5fJdrvwC6yXuJWYAMakFmTp1thtFBuZqgHkqkPbrwFMPRqEkkfvVxW9AWZxE44xdYYWP4yCxG,1个月前,随**m,价格高了！,,, 鸿运连连 棉麻 深蓝 套餐 桌旗35*300+餐垫42*36+4个9*9小杯垫,,
桌旗中式新中式茶台布艺长条简约现代茶席防水茶桌布茶旗垫布定制,100,,https://detail.tmall.com/item.htm?ali_refid=a3_420434_1006:1125390690:N:NWuY/CBgyPQIWOh6FORhmFcY/nhQjzBG:a3d3876aa70841edb1f5db96009bd2db&ali_trackid=1_a3d3876aa70841edb1f5db96009bd2db&id=663758739325&spm=a230r.1.1957635.32,,"http://img.alicdn.com/tps/TB1l6dkOXXXXXXEXVXXXXXXXXXX-210-210.png_70x70.jpg
//gw.alicdn.com/imgextra/i4/O1CN01CYtPWu1MUBqQAUK9D_!!6000000001437-2-tps-2-2.png
//gw.alicdn.com/imgextra/i4/O1CN01CYtPWu1MUBqQAUK9D_!!6000000001437-2-tps-2-2.png
//gw.alicdn.com/imgextra/i4/O1CN01CYtPWu1MUBqQAUK9D_!!6000000001437-2-tps-2-2.png",3个月前,t**0,整体评价：很好很喜欢 ,0天后追评好,, 鸿运连连棉麻 深蓝 支持无限长定制（请咨询）,,
