商品名,原价,评论时间,评论人,评价内容,属性1
波西米亚民族风耳环异域高级感镂空圆片耳坠复古耳饰无耳洞耳夹女,49,1个月前,t**8,好看的很有设计而且很高级喜欢的不行,?镂空原片耳环（耳针款亮金）
波西米亚民族风耳环异域高级感镂空圆片耳坠复古耳饰无耳洞耳夹女,49,1个月前,m**u,戴着很好看。只是耳夹不那么好夹紧，摘口罩就给带丢了一只，又重新买了一对。佩戴体验：耳夹不太好夹紧,?镂空原片耳夹（无耳洞）
波西米亚民族风耳环异域高级感镂空圆片耳坠复古耳饰无耳洞耳夹女,49,1个月前,k**o,东西非常的好，很喜欢，相信东西的质量，棒棒哒，下次还会继续购买。,?镂空原片耳环（耳针款亮金）
波西米亚民族风耳环异域高级感镂空圆片耳坠复古耳饰无耳洞耳夹女,49,2个月前,周**a,挺漂亮的，做工蛮精致！,?镂空原片耳环（耳针款亮金）
波西米亚民族风耳环异域高级感镂空圆片耳坠复古耳饰无耳洞耳夹女,49,1个月前,t**1,好看哦、蛮喜欢,?镂空原片耳环（耳针款白金）
波西米亚民族风耳环异域高级感镂空圆片耳坠复古耳饰无耳洞耳夹女,49,2个月前,l**2,一直很喜欢这种独特的款式,?镂空原片耳环（耳针款亮金）
波西米亚民族风耳环异域高级感镂空圆片耳坠复古耳饰无耳洞耳夹女,49,2个月前,a**7,好看，跟图片一样,?镂空原片耳环（耳针款亮金）
波西米亚民族风耳环异域高级感镂空圆片耳坠复古耳饰无耳洞耳夹女,49,2个月前,t**2,做工细节：挺好,?镂空原片耳夹（无耳洞）
波西米亚民族风耳环异域高级感镂空圆片耳坠复古耳饰无耳洞耳夹女,49,3个月前,夏**e,款式不错，但实在是太小了，小了就完全没有那个波西米亚的感觉了,?镂空原片耳环（耳针款亮金）
波西米亚民族风耳环异域高级感镂空圆片耳坠复古耳饰无耳洞耳夹女,49,3天前,那**春,佩戴体验：佩戴体验不错做工细节：做工细致产品质量：质量很满意佩戴效果：佩戴效果好看,?镂空原片耳环（耳针款亮金）
波西米亚民族风耳环异域高级感镂空圆片耳坠复古耳饰无耳洞耳夹女,49,1年前,t**4,朋友很喜欢~,?镂空圆片耳环（耳针款哑金）
波西米亚民族风耳环异域高级感镂空圆片耳坠复古耳饰无耳洞耳夹女,49,1年前,我**奡,宝贝收到啦，实物真的好看，价格非常实惠，强烈推荐这款，超级喜欢,?镂空圆片耳环（耳针款哑金）
波西米亚民族风耳环异域高级感镂空圆片耳坠复古耳饰无耳洞耳夹女,49,1年前,蛋**a,好评,?镂空原片耳环（耳针款亮金）
波西米亚民族风耳环异域高级感镂空圆片耳坠复古耳饰无耳洞耳夹女,49,1年前,a**6,质量不错,?镂空原片耳环（耳针款亮金）
波西米亚民族风耳环异域高级感镂空圆片耳坠复古耳饰无耳洞耳夹女,49,1年前,z**0,奇怪，我这个带银针都流脓的烂耳朵居然没过敏，虽然铜做的，但真的好好看啊，性价比高，成本省在了银针吧，不介意的给我冲,?镂空圆片耳环（耳针款哑金）
波西米亚民族风耳环异域高级感镂空圆片耳坠复古耳饰无耳洞耳夹女,49,1年前,t**3,絕絕子的一款耳環，哈哈哈，戴著氣質好喲，嘻嘻，而且是银针的不会过敏呢,?镂空圆片耳环（耳针款哑金）
波西米亚民族风耳环异域高级感镂空圆片耳坠复古耳饰无耳洞耳夹女,49,1年前,w**7,买的其他两款都退货了，这款很喜欢。波西米亚风，做工精细，赞。发货贼快,?镂空圆片耳环（耳针款哑金）
波西米亚民族风耳环异域高级感镂空圆片耳坠复古耳饰无耳洞耳夹女,49,1年前,刘**哒,刚刚收到弯成这样一颗星,?镂空圆片耳环（耳针款哑金）
波西米亚民族风耳环异域高级感镂空圆片耳坠复古耳饰无耳洞耳夹女,49,12个月前,洋**y,不会大挺小的,?镂空圆片耳环（耳针款哑金）
波西米亚民族风耳环异域高级感镂空圆片耳坠复古耳饰无耳洞耳夹女,49,8个月前,q**瑜,做工细节：做工很细致产品质量：非常高级有点哑光,?镂空原片耳夹（无耳洞）
波西米亚民族风耳环异域高级感镂空圆片耳坠复古耳饰无耳洞耳夹女,49,1年前,狗**7,很不错，很漂亮，很喜欢。非常有气质。手感也不错，很顺滑。也不会特别重。,?镂空原片耳夹（无耳洞）
波西米亚民族风耳环异域高级感镂空圆片耳坠复古耳饰无耳洞耳夹女,49,10个月前,w**n,此用户没有填写评价。,?镂空原片耳环（耳针款亮金）
波西米亚民族风耳环异域高级感镂空圆片耳坠复古耳饰无耳洞耳夹女,49,1年前,r**2,产品非常好?感谢店家。浇灌成单好评生意兴隆的种子。,?镂空圆片耳环（耳针款哑金）
波西米亚民族风耳环异域高级感镂空圆片耳坠复古耳饰无耳洞耳夹女,49,1年前,彳**0,还可以,?镂空圆片耳环（耳针款哑金）
波西米亚民族风耳环异域高级感镂空圆片耳坠复古耳饰无耳洞耳夹女,49,11个月前,b**g,很漂亮，做工不错,?镂空圆片耳环（耳针款哑金）
波西米亚民族风耳环异域高级感镂空圆片耳坠复古耳饰无耳洞耳夹女,49,1年前,乐**1,很好。,?镂空原片耳环（耳针款亮金）
波西米亚民族风耳环异域高级感镂空圆片耳坠复古耳饰无耳洞耳夹女,49,1年前,于**0,质感很好,?镂空原片耳夹（无耳洞）
波西米亚民族风耳环异域高级感镂空圆片耳坠复古耳饰无耳洞耳夹女,49,1年前,莹**o,质感太好啦！戴上也不重，配裙子炒鸡好看,?镂空圆片耳环（耳针款哑金）
波西米亚民族风耳环异域高级感镂空圆片耳坠复古耳饰无耳洞耳夹女,49,1年前,t**e,很轻，蛮好看的,?镂空原片耳夹（无耳洞）
波西米亚民族风耳环异域高级感镂空圆片耳坠复古耳饰无耳洞耳夹女,49,1年前,t**9,好看，质量不错,?镂空圆片耳环（耳针款哑金）
波西米亚民族风耳环异域高级感镂空圆片耳坠复古耳饰无耳洞耳夹女,49,1年前,e**8,已回购两次了,?镂空原片耳环（耳针款亮金）
波西米亚民族风耳环异域高级感镂空圆片耳坠复古耳饰无耳洞耳夹女,49,12个月前,路**茜,很好看。性价比高。,?镂空圆片耳环（耳针款哑金）
波西米亚民族风耳环异域高级感镂空圆片耳坠复古耳饰无耳洞耳夹女,49,11个月前,西**尔,美,?镂空原片耳夹（无耳洞）
波西米亚民族风耳环异域高级感镂空圆片耳坠复古耳饰无耳洞耳夹女,49,9个月前,小**1,挺好看的,?镂空原片耳环（耳针款亮金）
波西米亚民族风耳环异域高级感镂空圆片耳坠复古耳饰无耳洞耳夹女,49,1年前,小**5,针是歪的……这质量……,?镂空圆片耳环（耳针款哑金）
波西米亚民族风耳环异域高级感镂空圆片耳坠复古耳饰无耳洞耳夹女,49,1年前,h**1,好,?镂空圆片耳环（耳针款哑金）
波西米亚民族风耳环异域高级感镂空圆片耳坠复古耳饰无耳洞耳夹女,49,1年前,白**i,好看,?镂空原片耳环（耳针款亮金）
波西米亚民族风耳环异域高级感镂空圆片耳坠复古耳饰无耳洞耳夹女,49,1年前,穆**7,特别好，质量好，高大尚,?镂空原片耳环（耳针款亮金）
波西米亚民族风耳环异域高级感镂空圆片耳坠复古耳饰无耳洞耳夹女,49,10个月前,t**5,好看，就是没有软垫,?镂空原片耳夹（无耳洞）
波西米亚民族风耳环异域高级感镂空圆片耳坠复古耳饰无耳洞耳夹女,49,1年前,t**4,这款质量不错,?镂空圆片耳环（耳针款哑金）
波西米亚民族风耳环异域高级感镂空圆片耳坠复古耳饰无耳洞耳夹女,49,1年前,m**9,好看,?镂空原片耳环（耳针款亮金）
波西米亚民族风耳环异域高级感镂空圆片耳坠复古耳饰无耳洞耳夹女,49,9个月前,美**2,好看，款式洋气。,?镂空圆片耳环（耳针款哑金）
波西米亚民族风耳环异域高级感镂空圆片耳坠复古耳饰无耳洞耳夹女,49,1年前,发**鹿,耳环好评！带上去很大气，和各种吊带小裙子很搭配，尤其是黑色的，或者民族风那种！波西米亚那种感觉的。很好,?镂空圆片耳环（耳针款哑金）
波西米亚民族风耳环异域高级感镂空圆片耳坠复古耳饰无耳洞耳夹女,49,1年前,胚**我,很好看,?镂空圆片耳环（耳针款哑金）
波西米亚民族风耳环异域高级感镂空圆片耳坠复古耳饰无耳洞耳夹女,49,10个月前,a**a,此用户没有填写评价。,?镂空原片耳环（耳针款亮金）
波西米亚民族风耳环异域高级感镂空圆片耳坠复古耳饰无耳洞耳夹女,49,1年前,天**a,喜欢,?镂空圆片耳环（耳针款哑金）
波西米亚民族风耳环异域高级感镂空圆片耳坠复古耳饰无耳洞耳夹女,49,1年前,1**l,不错,?镂空原片耳环（耳针款亮金）
波西米亚民族风耳环异域高级感镂空圆片耳坠复古耳饰无耳洞耳夹女,49,11个月前,熊**a,绝了很惊艳不是那种很low的金属色，很有质感,?镂空原片耳环（耳针款亮金）
波西米亚民族风耳环异域高级感镂空圆片耳坠复古耳饰无耳洞耳夹女,49,1年前,我**复,整体评价：好看佩戴体验：不过敏尺寸大小：显脸小产品性价比：商城比较贵佩戴效果：看我照片产品质量：很好都给我买起来姐妹们！,?罗纹耳坠
波西米亚民族风耳环异域高级感镂空圆片耳坠复古耳饰无耳洞耳夹女,49,6个月前,美**9,挺漂亮，做工很好！,?镂空原片耳环（耳针款亮金）
波西米亚民族风耳环异域高级感镂空圆片耳坠复古耳饰无耳洞耳夹女,49,1年前,诚**站,美腻，完美！,?镂空圆片耳环（耳针款哑金）
波西米亚民族风耳环异域高级感镂空圆片耳坠复古耳饰无耳洞耳夹女,49,7个月前,我**次,很精致，质量非常好，很满意的一次购物。谢谢店家！,?镂空原片耳环（耳针款亮金）
波西米亚民族风耳环异域高级感镂空圆片耳坠复古耳饰无耳洞耳夹女,49,1年前,x**y,很喜欢这种圆形耳环！银的戴起来不容易过敏！这个颜色也很高档显白！圆形比较百搭,?罗纹耳坠
波西米亚民族风耳环异域高级感镂空圆片耳坠复古耳饰无耳洞耳夹女,49,1年前,t**1,?终于对它下手了，颜值是真的没话说?，材质很好，物美价廉，趁活动赶紧囤起来,?罗纹耳坠
波西米亚民族风耳环异域高级感镂空圆片耳坠复古耳饰无耳洞耳夹女,49,8个月前,爱**鞋,很漂亮，性价比很高，很喜欢。,?镂空原片耳环（耳针款亮金）
波西米亚民族风耳环异域高级感镂空圆片耳坠复古耳饰无耳洞耳夹女,49,1年前,鱼**8,很精致，很轻，好喜欢，修饰脸型。大气上档次。总之就是特别的好。,?镂空原片耳环（耳针款亮金）
波西米亚民族风耳环异域高级感镂空圆片耳坠复古耳饰无耳洞耳夹女,49,1年前,s**0,好看。,?镂空圆片耳环（耳针款哑金）
波西米亚民族风耳环异域高级感镂空圆片耳坠复古耳饰无耳洞耳夹女,49,1年前,满**e,特别挑选了波西米亚风格的一款耳环，细节很精致，跟10几20几块钱还是不一样的，等着去旅游造起来，品质很赞，戴了一天不会过敏，很满意哦,?镂空原片耳环（耳针款亮金）
波西米亚民族风耳环异域高级感镂空圆片耳坠复古耳饰无耳洞耳夹女,49,1年前,茶**n,还不错！,?镂空圆片耳环（耳针款哑金）
波西米亚民族风耳环异域高级感镂空圆片耳坠复古耳饰无耳洞耳夹女,49,7个月前,1**l,带的方式有点不适应，其它都好,?镂空原片耳夹（无耳洞）
